issue_type,avg_resolution_time_hours
claim_status_question,25.95045296167247
account_update_request,24.04463667820069
payment_failure,23.101624203821654
policy_change_request,22.621470588235294
discount_dispute,22.389722222222222
billing_issue,22.29760655737705
mileage_sync_issue,21.58818181818182
app_login_issue,19.597290969899667
