policy_type,policies,avg_net_value,total_net_value
standard,485,9.188443298969078,4456.395000000003
premium,261,46.82924521072797,12222.432999999999
liability_only,238,79.92086134453781,19021.165
full_coverage,276,260.03184782608696,71768.79
