support_burden_band,churn_rate
low,0.2987012987012987
none,0.27835051546391754
moderate,0.26666666666666666
high,0.15384615384615385
