customer_segment,churn_rate
high_value,0.31683168316831684
budget,0.31475409836065577
premium,0.2825278810408922
standard,0.26495726495726496
