premium_band,churn_rate
very_high,1.0
low,0.29265658747300216
mid,0.2689873417721519
high,0.11764705882352941
