support_channel,avg_csat
chat,3.3824786324786325
email,3.3044871794871793
phone,3.2998712998713
self_service,3.075
