policy_type,avg_net_value
full_coverage,260.03184782608696
liability_only,79.92086134453781
premium,46.82924521072797
standard,9.188443298969078
