customer_segment,avg_net_value
high_value,175.67826732673268
budget,146.01396065573772
standard,89.5725811965812
premium,-26.799033457249077
