discount_band,renewal_rate
low,0.2236842105263158
moderate,0.20054945054945056
none,0.2
high,0.18421052631578946
very_high,0.16176470588235295
