risk_band,avg_monthly_premium
high_risk,82.00413793103448
moderate_risk,67.66117887323944
low_risk,58.28661445783132
