customer_segment,policies,avg_net_value,total_net_value
standard,585,89.5725811965812,52399.96
budget,305,146.01396065573772,44534.258
high_value,101,175.67826732673268,17743.505
premium,269,-26.799033457249077,-7208.940000000001
